<application>
  <component name="GeneralSettings">
    <option name="reopenLastProject" value="false" />
    <option name="autoSaveIfInactive" value="true" />
    <option name="confirmOpenNewProject2" value="-1" />
    <option name="inactiveTimeout" value="60" />
  </component>
  <component name="Registry">
    <entry key="ide.experimental.ui" value="true" />
  </component>
  <component name="StatusBar">
    <option name="widgets">
      <map>
        <entry key="PowerSaveMode" value="true" />
        <entry key="ShaderWidget" value="false" />
      </map>
    </option>
  </component>
</application>