<application>
  <component name="ProjectManager">
    <defaultProject>
      <component name="Encoding" addBOMForNewFiles="with BOM under Windows, with no BOM otherwise" />
      <component name="PropertiesComponent">{
  &quot;keyToString&quot;: {
    &quot;settings.editor.selected.configurable&quot;: &quot;AndroidSettingsPageId&quot;
  }
}</component>
      <component name="WindowStateProjectService">
        <state x="822" y="225" key="Rider.NewProjectDialog.Size" timestamp="1722424123937">
          <screen x="0" y="0" width="2560" height="1400" />
        </state>
        <state x="822" y="225" key="Rider.NewProjectDialog.Size/2560.100.1920.1040/0.0.2560.1400" timestamp="1722424123937" />
      </component>
    </defaultProject>
  </component>
</application>