<keymap version="1" name="Visual Studio copy" parent="Visual Studio">
  <action id="MoveEditorToOppositeTabGroup">
    <keyboard-shortcut first-keystroke="ctrl alt quote" />
  </action>
  <action id="MoveTabRight">
    <keyboard-shortcut first-keystroke="alt open_bracket" />
  </action>
  <action id="NextProjectWindow" />
  <action id="OpenEditorInOppositeTabGroup">
    <keyboard-shortcut first-keystroke="ctrl alt close_bracket" />
  </action>
  <action id="PinActiveTab">
    <keyboard-shortcut first-keystroke="shift f8" />
  </action>
  <action id="SplitVertically">
    <keyboard-shortcut first-keystroke="alt close_bracket" />
  </action>
</keymap>